driver_id,total_fare,avg_distance
27,105.17,2.26
44,60.5,45.12
86,125.95,42.35
40,136.6,41.2
92,232.09,37.739999999999995
72,111.77,41.35
59,87.9,43.7
51,95.52,49.81
33,58.08,10.0
14,82.19,28.72
79,15.08,42.5
89,244.89,27.676666666666666
