driver_id,total_fare,avg_distance
5,67.27,7.79
37,79.0,5.26
82,66.54,12.78
98,58.48,2.59
75,35.13,45.34
68,69.59,35.22
42,132.12,2.27
30,143.83,24.02
46,200.75,15.165000000000001
89,134.84,25.580000000000002
